NAME,WEEK,DATE,EVENT_TYPE,ISO3,COUNTRY,EVENT_NAME,GRADE,DATE_NOTIFY,DATE_START,DATE_END,CASES_TOTAL,CASES_CONFIRMED,DEATHS,CFR,DESCRIPTION
OEW05-2702012025,5,27 - 2 Jan 2025,,UGA,Uganda,Sudan virus disease,Grade 2,2025-01-30,2025-01-29,2025-02-02,2.0,2.0,1.0,50.00%,
OEW05-2702012025,5,27 - 2 Jan 2025,,,See details in the article,See details in the article,See details in the article,,,,,,,See details in the article,
OEW05-2702012025,5,27 - 2 Jan 2025,,AGO,Angola,Drought/food insecurity,Ungraded,2024-05-01,2024-05-01,2025-01-21,2200000.0,,,0.00%,"El Niño conditions have impacted the southern and eastern regions of the country, causing the most protracted drought in 40 years. The El Niño-induced drought is hitting areas of the country where vulnerable communities are already grappling with the effects of six consecutive years of below-average rainfall, dry conditions, and annually decreasing harvests. Based on the figures included in the Southern African Development Community (SADC) Humanitarian Appeal, 2.2 million people in Angola need assistance due to the El Niño-induced drought. The provinces of Cunene, Cuando Cubango, and parts of Huíla, Namibe, and Moxico are projected to be heavily affected in the coming months."
OEW05-2702012025,5,27 - 2 Jan 2025,,AGO,Angola,Cholera,Grade 3,2025-01-07,2024-12-31,2025-01-28,1216.0,289.0,48.0,3.90%,"The outbreak of cholera in Angola continues to evolve. A total of 463 new cases with 14 deaths were reported from 22 to 28 January 2025 across the country. Cumulatively, 1216 cases with 48 deaths (CFR 3.9%) have been reported from six provinces across the country from 31 December 2024 to 28 January 2025. Luanda Province is the most affected, accounting for 67% of the cases and 69% of the deaths."
OEW05-2702012025,5,27 - 2 Jan 2025,,BWA,Botswana,Drought/food insecurity,Ungraded,2024-05-24,2024-05-01,2024-12-31,37000.0,,,0.00%,"The government of Botswana declared severe drought conditions for the 2023/2024 agricultural season. Food shortages, with their attendant consequence of high mortality rates among livestock, are affecting a number of regions, particularly Hukuntsi, Mabutsane, and the Northeast. Humanitarian organizations continue to support the government to mitigate the impact of the ongoing drought."
OEW05-2702012025,5,27 - 2 Jan 2025,,BFA,Burkina Faso,Humanitarian crisis (Sahel Region),Protracted 2,2019-01-01,2019-01-01,2025-01-15,5900000.0,,,-,"Since 2015, the security situation in the Sahel and Eastern Burkina Faso has gradually deteriorated due to attacks by armed groups. Access to healthcare services remains a major challenge for the affected population. In 2025, a total of 5.9 million people need humanitarian assistance including 3.7 million targeted by the humanitarian organizations due to funding constraints."
OEW05-2702012025,5,27 - 2 Jan 2025,,BDI,Burundi,Complex Humanitarian crisis,Ungraded,2023-09-01,2024-01-01,2024-12-31,1200000.0,,,,"According to the Integrated Food Security Phase Classification (IPC) analysis, an estimated 484 490 children aged 6-59 months are suffering or expected to suffer elevated levels of acute malnutrition between June 2024 and May 2025. It is projected that from October 2024 to May 2025, the nutritional situation will deteriorate, with five districts likely to move into IPC Acute Malnutrition Phase 2 (Alert) and six into IPC Acute Malnutrition Phase 3 (Serious). The country is also hosting nearly 91 100 refugees and asylum seekers, with two-thirds of them living in displacement camps in the eastern part of the country."
OEW05-2702012025,5,27 - 2 Jan 2025,,BDI,Burundi,Cholera,Grade 3,2023-01-01,2024-01-01,2025-01-12,940.0,,3.0,0.30%,"In the past 28 days, Burundi reported 74 cholera cases, primarily in Bujumbura Nord (69 cases), with Bujumbura Centre (three cases) and Isale (two cases) also affected. Between 1 January 2024 and 12 January 2025, a total of 940 cases with three deaths have been reported. The outbreak has impacted eight districts, with three remaining active in the last four weeks."
OEW05-2702012025,5,27 - 2 Jan 2025,,BDI,Burundi,Measles,Ungraded,2024-02-15,2024-01-01,2024-12-31,2905.0,2614.0,0.0,0.00%,"On 14 February 2024, Burundi's Ministry of Health reported a measles outbreak in Burundi. From 1 January to 31 December 2024, a total of 2 905 suspected cases, including 2 614 confirmed cases were reported across the country. In 2024, 23 out of the country's 49 districts reported an outbreak of measles."
OEW05-2702012025,5,27 - 2 Jan 2025,,BDI,Burundi,Mpox,Grade 3,2024-07-25,2024-07-25,2025-01-20,6283.0,3116.0,1.0,0.00%,"From 25 July 2024 to 20 January 2025, Burundi has reported 6 283 suspected cases of mpox with one death. Of these, 3 116 cases have been confirmed across 46 health districts in the country. The outbreak was initially declared on 25 July 2024 by the Ministry of Health of Burundi following the confirmation of the first three cases at the National Reference Laboratory."
OEW05-2702012025,5,27 - 2 Jan 2025,,CMR,Cameroon,Humanitarian crisis (Noth-West & South-West ),Protracted 2,2016-10-01,2018-06-27,2024-12-31,3400000.0,,,-,"In December 2024 , the security situation in the North-West and South West (NWSW) regions of Cameroon remained tense and volatile, marked by increased clashes between armed groups and government forces in both regions. An increase in abductions for ransom and extortion/illegal taxation was reported."
OEW05-2702012025,5,27 - 2 Jan 2025,,CMR,Cameroon,Humanitarian crisis (Sahel Region),Protracted 2,2013-12-31,2017-06-27,2025-01-15,573273.0,,,-,"Since 2014, the Far North region of Cameroon has been the victim of attacks by non-state armed groups, in addition to disasters and intercommunity conflicts that have created humanitarian crises marked by population movements. Return movements and short- and long-term displacements are reported in the various departments of the region. The Far North region is home to 573 263 people who have been displaced by violence and natural disasters, including IDPs, and refugees from Nigeria"
OEW05-2702012025,5,27 - 2 Jan 2025,,CMR,Cameroon,Measles,Ungraded,2019-04-02,2025-01-01,2025-01-28,80.0,13.0,,0.00%,"An active outbreak of measles is ongoing in four districts in Cameroon. In the first four weeks of 2025, 80 cases have been reported from Japoma (Littoral region), Olamze and Lolodorf (South region) and Ndelele (East region). Of these, 10 were laboratory-confirmed as IgM-positive for measles virus."
OEW05-2702012025,5,27 - 2 Jan 2025,,,Cape Verde,Dengue fever,Protracted 2,2023-11-06,2023-11-06,2024-12-31,25290.0,2696.0,1.0,0.00%,
OEW05-2702012025,5,27 - 2 Jan 2025,,CAF,Central African Republic,Complex Humanitarian crisis,Protracted 2,2013-12-11,2013-12-11,2025-01-15,2400000.0,,,-,"The Central African Republic (CAR) has been facing a humanitarian crisis for more than a decade following military-political conflicts. The country has been affected by conflict, with the ongoing presence of armed groups. Violence against civilians and frequent disasters, like flooding, continue to drive new displacements. Of the 6.4 million country's inhabitants, 2.4 million will need humanitarian assistance in 2025"
OEW05-2702012025,5,27 - 2 Jan 2025,,CAF,Central African Republic,Impact of Sudan crisis in CAR,Grade 3,2023-05-01,2023-05-01,2025-01-17,37089.0,,,-,"Since mid-April 2023, following the violence that broke out in Sudan between the Sudanese Armed Forces (SAF) and the Rapid Support Forces (RSF), the Central African Republic (CAR) has been hosting thousands of Sudanese refugees through several entry points, the majority passing through Am-dafock, in the Vakaga region of CAR. As of 17 January 2025, there were 37 089 forcibly displaced people from Sudan who arrived in CAR since 15 April 2023. Out of this number, 30 729 are refugees."
OEW05-2702012025,5,27 - 2 Jan 2025,,CAF,Central African Republic,Dengue fever,Protracted 2,2024-09-10,2024-07-13,2024-09-07,16.0,16.0,0.0,0.00%,"On 10 September 2024, WHO was informed of a confirmed dengue outbreak in Central African Republic. The first case was confirmed on 13 July 2024 in a 29-year-old woman from SICA I commune of Bangui. From 13 July to 7 September 2024, a total of 13 cases (7 females and 6 males) were laboratory-confirmed for dengue serotype 2 (DEN 2) at Institut Pasteur of Bangui. The 13 confirmed cases were from Bangui 1, Bangui 2 and Bimbo health districts."
OEW05-2702012025,5,27 - 2 Jan 2025,,CAF,Central African Republic,Measles,Ungraded,2022-03-13,2024-01-01,2024-12-31,3626.0,,5.0,0.10%,"From week 1 to week 52, 2024, a total of 3626 suspected measles cases including five deaths (CFR 0.1%) were reported from 15 districts in CAR. As of 22 December 2024, two districts were in active epidemic phase, namely, Bocaranga-koui and Kémo. The volatile security situation in Bocaranga-koui impeded the outbreak investigation in 2024."
OEW05-2702012025,5,27 - 2 Jan 2025,,CAF,Central African Republic,Mpox,Grade 3,2022-03-03,2022-03-04,2025-01-08,550.0,90.0,3.0,0.50%,"From 1 to 8 January 2025, 550 suspected cases of mpox with three deaths (CFR 3.3%) were reported across the country. Of these, 90 have been laboratory confirmed. Mbaiki Health District is at the epicenter of the outbreak, accounting for 21% of the cases."
OEW05-2702012025,5,27 - 2 Jan 2025,,CAF,Central African Republic,Rift Valley Fever (RVF),Ungraded,2024-12-31,2024-12-23,2025-01-17,6.0,1.0,,0.00%,"On 10 January 2025, a new outbreak of Rift Valley Fever (RVF) was declared in the Ngaoundaye health district (HD) within Health Region No. 3. This health district is situated in the northeast of the country, in the tri-border area of the Central African Republic (CAR), Chad, and Cameroon. As of 17 January 2025, a total of six cases, including one confirmed case with no deaths, have been reported in the Ngaoundaye health district."
OEW05-2702012025,5,27 - 2 Jan 2025,,TCD,Chad,Humanitarian crisis (Sahel region),Protracted 2,2022-02-11,2016-03-01,2025-01-10,3700000.0,,,-,"In Chad, it is estimated that more than 3.7 million people (or 21% of the Chadian population) could be in acute food insecurity (phases 3 and above) during the next lean season (June-September). Nearly 50 departments are affected, with more than 3.2 million people in crisis phase and more than 400,000 people in emergency phase. This is the largest number of people in food insecurity ever recorded in Chad. Regarding malnutrition, health facilities have recorded high admission rates of children under 5 years old in malnutrition care facilities, compared to the average of the last 9 years. The situation is exacerbated by aggravating factors such as: atypical increases in food prices, massive influx of refugees, population movements linked to insecurity and climatic shocks (floods and drought)."
OEW05-2702012025,5,27 - 2 Jan 2025,,TCD,Chad,Impact of Sudan crisis in Chad,Grade 3,2023-04-15,2023-04-15,2025-01-23,931846.0,,,-,"An estimated 931 846 people have crossed into Chad since the onset of the crisis in Sudan, of which 216,337 are Chadian returnees as of end of December 2024. The refugees live in 21 camps in nine health districts spread across Ennedi Est, Ouaddaï, Sila, and Wadi Fira provinces. In the camps, challenges in accessing essential health services remain due to multiple factors, including difficult physical access, limited medical supplies, and a lack of health care workers"
OEW05-2702012025,5,27 - 2 Jan 2025,,TCD,Chad,Poliomyelitis (cVDPV2),Grade 2,2019-10-18,2024-01-01,2025-01-27,29.0,29.0,0.0,0.00%,"In 2024, Chad reported 29 cases of circulating vaccine-derived poliovirus type 2 (cVDPV2), with the most recent case having an onset of paralysis on 15 November 2024. This follows 55 cVDPV2 cases recorded in 2023. In 2022, 44 cVDPV2 cases were reported. In 2020, 106 cVDPV2 cases were reported from three different outbreaks. Nine cases were reported in 2019. As of 27 January 2025, no human case and cVDPV2-positive environmental samples were reported."
OEW05-2702012025,5,27 - 2 Jan 2025,,COM,Comoros,Cyclone Chido,Grade 2,2024-12-15,2024-12-18,2024-12-18,64167.0,,5.0,0.00%,"In Comoros , on 14 December Tropical Cyclone Chido passed close to the south of the Anjouan, Moheli and Ngazidja islands with wind conditions less violent than those experienced in Mayotte. At least five people were injured and 64,167 were affected including more than 47,000 in Anjouan including 171 who lost their homes, 140 displaced. Nine schools and 218 houses were damaged or destroyed while an average of 45 per cent of agricultural crops have been affected, as per preliminary report"
OEW05-2702012025,5,27 - 2 Jan 2025,,COM,Comoros,Cholera,Grade 3,2024-02-02,2024-02-02,2024-12-29,11171.0,,153.0,1.40%,"From 2 February to 29 December 2024, 11 171 suspected cholera cases and 153 deaths were reported in Comoros (CFR: 1.4%), with 65 deaths in healthcare facilities and 88 in the community. The outbreak affected all three health regions, with Ndzuwani (9126 cases) most affected, followed by Ngazidja (1398) and Mwali (647). Since September,"
OEW05-2702012025,5,27 - 2 Jan 2025,,,763 cases have,"reported, mainly in","Ngazidja, while Mwali",,,,,,,,"Congo Mpox Grade 3 23-May-22 1-Jan-24 12-Jan-25 290 24 0 0.00% No new confirmed case of Mpox was reported in Congo in week 1, 2025. From Week 1, 2024, to Week 1, 2025, a total of 290 suspected cases of Mpox were reported,"
OEW05-2702012025,5,27 - 2 Jan 2025,,,"including 24 confirmed cases and zero deaths. Most of the confirmed cases were reported in the Cuvette department (15 cases), followed by the Likoula (4 cases) department. Côte d'Ivoire Grade 3 5-Jul-24 5-Jul-24 4-Jan-25 500 107 1 4.00%","including 24 confirmed cases and zero deaths. Most of the confirmed cases were reported in the Cuvette department (15 cases), followed by the Likoula (4 cases) department. Côte d'Ivoire Grade 3 5-Jul-24 5-Jul-24 4-Jan-25 500 107 1 4.00%","including 24 confirmed cases and zero deaths. Most of the confirmed cases were reported in the Cuvette department (15 cases), followed by the Likoula (4 cases) department. Côte d'Ivoire Grade 3 5-Jul-24 5-Jul-24 4-Jan-25 500 107 1 4.00%",,,,,,,"including 24 confirmed cases and zero deaths. Most of the confirmed cases were reported in the Cuvette department (15 cases), followed by the Likoula (4 cases) department. Côte d'Ivoire Grade 3 5-Jul-24 5-Jul-24 4-Jan-25 500 107 1 4.00%","A case of Mpox was confirmed on 4 July 2024 in Côte d'Ivoire, in the San Pedro region (Tabou). The patient is a male in his 40s. As of 4 December, Cote d'Ivoire has reported a total of 500 suspected cases, including 107 confirmed and one death. five over 113 districts have reported at least one confirmed case. Democratic Republic of the Congo Complex Humanitarian crisis Grade 3 20-Dec-16 17-Apr-17 23-Jan-25 21,200,000 - - - The DRC continues to face persistent humanitarian challenges related to growing insecurity in some regions and entrenched structural problems exacerbating humanitarian needs. Thus, the sharp deterioration of the humanitarian situation in 2023 had adverse consequences for millions of people, particularly in the east part of the country."
OEW05-2702012025,5,27 - 2 Jan 2025,,,"Since the renewed M23 offensives near Goma on 23 January 2025, hundreds of thousands of people have once again been forced to flee multiple active conflict zones, with reception and assistance capacities already overstretched. In 2025, 21.2 million people need humanitarian assistance.","Since the renewed M23 offensives near Goma on 23 January 2025, hundreds of thousands of people have once again been forced to flee multiple active conflict zones, with reception and assistance capacities already overstretched. In 2025, 21.2 million people need humanitarian assistance.","Since the renewed M23 offensives near Goma on 23 January 2025, hundreds of thousands of people have once again been forced to flee multiple active conflict zones, with reception and assistance capacities already overstretched. In 2025, 21.2 million people need humanitarian assistance.",,,,,,,"Since the renewed M23 offensives near Goma on 23 January 2025, hundreds of thousands of people have once again been forced to flee multiple active conflict zones, with reception and assistance capacities already overstretched. In 2025, 21.2 million people need humanitarian assistance.",
OEW05-2702012025,5,27 - 2 Jan 2025,,,Democratic Republic of the Congo,Cholera,Grade 3,2015-01-16,2024-01-01,2025-01-19,23887.0,2754.0,316.0,1.30%,
OEW05-2702012025,5,27 - 2 Jan 2025,,,Democratic Republic of the Congo,Meningitis,Ungraded,2024-12-29,2024-12-21,2025-01-05,17.0,7.0,5.0,29.40%,"From epidemiological week 51 of 2024 to the first epidemiological week of 2025, the health zone of Banalia in Tshopo province reported 17 cases, including five deaths (case fatality rate of 29%). In week 1 of 2025, seven cases with one death were recorded. As of 6 January 2025, the INRB Kinshasa received 12 samples from the Banalia health zone, of which seven tested positive for Neisseria meningitidis W135 (confirmation rate of 58%). Preliminary investigations indicate that the cases are concentrated on the right bank of the Aruwimi River, in the Mangi Health Area (HA), the epicentre of the recent meningitis outbreak in the Banalia health zone, which reported a total of 2,662 cases and 205 fatalities in 2021."
OEW05-2702012025,5,27 - 2 Jan 2025,,,Democratic Republic of the Congo,Mpox,Grade 3,2019-03-30,2024-01-01,2024-12-16,57415.0,12651.0,1285.0,2.20%,"From 1 January 2022 to 17 December 2024, a total of 57415 cases and 1285 deaths (CFR: 2.2%) were reported. Clades Ia and Ib have been detected in the country."
OEW05-2702012025,5,27 - 2 Jan 2025,,,Democratic Republic of the Congo,Poliomyelitis (cVDPV2),Grade 2,2021-02-26,2024-01-01,2024-11-22,24.0,24.0,0.0,0.00%,"In 2024, the Democratic Republic of the Congo (DRC) reported 24 polio cases, comprising 10 cases of circulating vaccine-derived poliovirus type 1 (cVDPV1) and 14 cases of circulating vaccine-derived poliovirus type 2 (cVDPV2). The most recent case had an onset of paralysis on 22 November 2024."
OEW05-2702012025,5,27 - 2 Jan 2025,,ETH,Ethiopia,Complex Humanitarian crisis,Grade 3,2020-11-04,2020-11-04,2025-01-10,21400000.0,,,,"In Ethiopia, the humanitarian situation remains concerning. The combination of natural (drought, floods, earthquake) and manmade (conflict) has deteriorated the humanitarian situation in the country. Access restrictions imposed by local militia prevent population's access to services. Low crop production, high food prices, and lack of humanitarian and social protection support, have increased acute food insecurity. The ongoing conflict in the Amhara and Oromia regions is severely affecting public health, with increased violence and barriers to accessing health services. This complicates the response to outbreaks like cholera, measles, and malaria. More to that, at least 10 earthquakes were recently reported in Ethiopia and there are signs of possible volcanic activity. Ethiopia's government said it is evacuating approximately 80,000 people following a series of small-scale earthquakes in the Afar, Oromia and Amhara regions."
OEW05-2702012025,5,27 - 2 Jan 2025,,,"The seismic activity in Ethiopia increased in the Fentale volcanic complex since 27 September 2024, with a significant spike in late December 2024. Between 7 and 8 January 2025, multiple seismic events were observed throughout this timeframe, with significant activity occurring around 17:00, 01:30, and 07:00 UTC, the most intense being at 01:30 UTC. The seismogram indicates active seismic conditions in the region, with several notable events during the monitored period. Significant damage to the Kesem Sugar Factory and other infrastructure (homes, health centers, schools, roads) is reported. As of 17 January 2025, 80 000 people are affected, with over 60 000 people relocated; two people injured and no fatality reported so far . Nine health facilities have sustained severe or partial damage","The seismic activity in Ethiopia increased in the Fentale volcanic complex since 27 September 2024, with a significant spike in late December 2024. Between 7 and 8 January 2025, multiple seismic events were observed throughout this timeframe, with significant activity occurring around 17:00, 01:30, and 07:00 UTC, the most intense being at 01:30 UTC. The seismogram indicates active seismic conditions in the region, with several notable events during the monitored period. Significant damage to the Kesem Sugar Factory and other infrastructure (homes, health centers, schools, roads) is reported. As of 17 January 2025, 80 000 people are affected, with over 60 000 people relocated; two people injured and no fatality reported so far . Nine health facilities have sustained severe or partial damage","The seismic activity in Ethiopia increased in the Fentale volcanic complex since 27 September 2024, with a significant spike in late December 2024. Between 7 and 8 January 2025, multiple seismic events were observed throughout this timeframe, with significant activity occurring around 17:00, 01:30, and 07:00 UTC, the most intense being at 01:30 UTC. The seismogram indicates active seismic conditions in the region, with several notable events during the monitored period. Significant damage to the Kesem Sugar Factory and other infrastructure (homes, health centers, schools, roads) is reported. As of 17 January 2025, 80 000 people are affected, with over 60 000 people relocated; two people injured and no fatality reported so far . Nine health facilities have sustained severe or partial damage",,,,,,,"The seismic activity in Ethiopia increased in the Fentale volcanic complex since 27 September 2024, with a significant spike in late December 2024. Between 7 and 8 January 2025, multiple seismic events were observed throughout this timeframe, with significant activity occurring around 17:00, 01:30, and 07:00 UTC, the most intense being at 01:30 UTC. The seismogram indicates active seismic conditions in the region, with several notable events during the monitored period. Significant damage to the Kesem Sugar Factory and other infrastructure (homes, health centers, schools, roads) is reported. As of 17 January 2025, 80 000 people are affected, with over 60 000 people relocated; two people injured and no fatality reported so far . Nine health facilities have sustained severe or partial damage",
OEW05-2702012025,5,27 - 2 Jan 2025,,ETH,Ethiopia,Impact of Sudan crisis in Ethiopia,Grade 3,2023-05-01,2023-05-01,2025-01-05,68008.0,,,,"Following the outbreak of armed conflict in Sudan on 15 April 2023, Ethiopia is receiving thousands of forcibly displaced people at various points of entry along the land border between Sudan and Ethiopia. As of 5 January 2025, a total of 68 008 arrivals in need of international protection since April 2023 have been registered."
OEW05-2702012025,5,27 - 2 Jan 2025,,ETH,Ethiopia,Malnutrition,Ungraded,2024-12-05,2024-01-01,2024-11-24,,,,,"The nutrition situation in Ethiopia is concerning as indicated by recent surveys, particularly in zones affected by drought, fueled by El Niño. In 2024, from 1 January to 24 November, a total of 363 829 under 5 years of age severe acute malnutrition (SAM) cases and 591 deaths have been reported. The moderate acute malnutrition (MAM) under 5"
OEW05-2702012025,5,27 - 2 Jan 2025,,ETH,Ethiopia,Cholera,Grade 3,2022-09-17,2022-08-01,2024-12-30,58158.0,,722.0,1.20%,"The ongoing cholera outbreak in Ethiopia started on 27 August 2022. As of 30 December 2024, a total of 58 158 cases, 722 deaths (CFR 1.2%) are reported. In 2024, from"
OEW05-2702012025,5,27 - 2 Jan 2025,,ETH,Ethiopia,Malaria,Grade 3,2023-06-20,2024-01-01,2024-12-22,10225938.0,,1342.0,0.00%,"A total of 10 225 938 cases and 1 342 deaths were reported from Epi week 1 to 51, 2024. In Epi-week 51, a total of 260 208 cases and 18 new deaths were reported. Malaria case is decreased by 3.6% when compared with Epi-week 50 of 2024"
OEW05-2702012025,5,27 - 2 Jan 2025,,ETH,Ethiopia,Measles,Ungraded,2017-04-13,2024-01-01,2024-12-30,32521.0,29810.0,230.0,0.70%,"Measles outbreak is still ongoing in Ethiopia. From 1 January 2024 to 30 December 2024, a total of 32 521 cases including 1 903 lab-confirmed, 27 853 epi-linked and 54 measles compatible cases with 230 deaths were reported."
OEW05-2702012025,5,27 - 2 Jan 2025,,,"Ghana Cholera Grade 3 1-Oct-24 14-Jan-25 5293 460 0.80% Between 1 and 14 January 2025, Ghana reported 475 suspected cholera cases, including three deaths (CFR: 0.6%). Since the outbreak began on 1 October 2024, a total of 5293 cases, including 460 confirmed cases and 42 deaths (CFR: 0.8%), have been recorded. Suspected cases have been reported across 109 districts in five of the country's 16 regions, with 98% occurring in Central (1625 cases), Western (2225), and Greater Accra (1340) regions. Among confirmed cases, 51% are aged 21-40 years, and 65% are","Ghana Cholera Grade 3 1-Oct-24 14-Jan-25 5293 460 0.80% Between 1 and 14 January 2025, Ghana reported 475 suspected cholera cases, including three deaths (CFR: 0.6%). Since the outbreak began on 1 October 2024, a total of 5293 cases, including 460 confirmed cases and 42 deaths (CFR: 0.8%), have been recorded. Suspected cases have been reported across 109 districts in five of the country's 16 regions, with 98% occurring in Central (1625 cases), Western (2225), and Greater Accra (1340) regions. Among confirmed cases, 51% are aged 21-40 years, and 65% are","Ghana Cholera Grade 3 1-Oct-24 14-Jan-25 5293 460 0.80% Between 1 and 14 January 2025, Ghana reported 475 suspected cholera cases, including three deaths (CFR: 0.6%). Since the outbreak began on 1 October 2024, a total of 5293 cases, including 460 confirmed cases and 42 deaths (CFR: 0.8%), have been recorded. Suspected cases have been reported across 109 districts in five of the country's 16 regions, with 98% occurring in Central (1625 cases), Western (2225), and Greater Accra (1340) regions. Among confirmed cases, 51% are aged 21-40 years, and 65% are",,,,,,,"Ghana Cholera Grade 3 1-Oct-24 14-Jan-25 5293 460 0.80% Between 1 and 14 January 2025, Ghana reported 475 suspected cholera cases, including three deaths (CFR: 0.6%). Since the outbreak began on 1 October 2024, a total of 5293 cases, including 460 confirmed cases and 42 deaths (CFR: 0.8%), have been recorded. Suspected cases have been reported across 109 districts in five of the country's 16 regions, with 98% occurring in Central (1625 cases), Western (2225), and Greater Accra (1340) regions. Among confirmed cases, 51% are aged 21-40 years, and 65% are","male. Guinea Mpox 2-Sep-24 8-Dec-24 0.00% On 2 September 2024, WHO was informed of a mpox confirmed case in a 7-year-old schoolgirl of Koyamah locality in the southern Macenta health district of Guinea. From 2 September to 8 December 2024, a total of 50 suspected cases with no death were reported, of which two were confirmed for Mpox virus Clade IIB."
OEW05-2702012025,5,27 - 2 Jan 2025,,,"Suspected anthrax cases have been reported in Embu County, with 31 suspected cases line- listed from 14 December 2024 to 5 January 2025. The cases are clustered within Kyeni North and Kagaari wards of Runyenjes sub county. The cases were exposed through domestic slaughter and handling of animal products from cows with suspected anthrax.","Suspected anthrax cases have been reported in Embu County, with 31 suspected cases line- listed from 14 December 2024 to 5 January 2025. The cases are clustered within Kyeni North and Kagaari wards of Runyenjes sub county. The cases were exposed through domestic slaughter and handling of animal products from cows with suspected anthrax.","Suspected anthrax cases have been reported in Embu County, with 31 suspected cases line- listed from 14 December 2024 to 5 January 2025. The cases are clustered within Kyeni North and Kagaari wards of Runyenjes sub county. The cases were exposed through domestic slaughter and handling of animal products from cows with suspected anthrax.",,,,,,,"Suspected anthrax cases have been reported in Embu County, with 31 suspected cases line- listed from 14 December 2024 to 5 January 2025. The cases are clustered within Kyeni North and Kagaari wards of Runyenjes sub county. The cases were exposed through domestic slaughter and handling of animal products from cows with suspected anthrax.",
OEW05-2702012025,5,27 - 2 Jan 2025,,KEN,Kenya,Measles,Ungraded,2022-06-29,2023-01-01,2025-01-24,2949.0,355.0,18.0,0.60%,
OEW05-2702012025,5,27 - 2 Jan 2025,,KEN,Kenya,Mpox,Grade 3,2024-08-03,2024-07-22,2025-01-13,31.0,31.0,1.0,3.20%,"Now new case of mpox was reported in week 1, 2025. From 1 January 2024 to 13 January 2025, the total confirmed cases is thirty-one (31) , with one (1) death (CFR 3.2%) from twelve (12) counties."
OEW05-2702012025,5,27 - 2 Jan 2025,,LSO,Lesotho,Drought/food insecurity,Ungraded,2024-07-22,2024-07-12,2025-01-20,293000.0,293000.0,,-,"Prolonged dry spells, high temperatures, and economic challenges have left approximately 293,000 people in rural Lesotho (19 percent of the population) facing severe food insecurity, classified as IPC Phase 3 (Crisis) or worse, from May to September 2024. Immediate interventions are crucial to address food gaps, protect livelihoods, and prevent acute malnutrition. The situation is expected to worsen, with around 403,000 people (27 percent of the rural population) projected to be in Crisis (IPC Phase 3) from October 2024 to March 2025."
OEW05-2702012025,5,27 - 2 Jan 2025,,LBR,Liberia,Lassa Fever,Ungraded,2022-03-03,2024-01-01,2025-01-12,248.0,42.0,12.0,16.90%,"From 1 January 2024 to 12 January 2025, a cumulative total of 248 cases of Lassa Fever have been reported, with 42 confirmed and 12 deaths (CFR:16.9%) at the country level."
OEW05-2702012025,5,27 - 2 Jan 2025,,LBR,Liberia,Mpox,Grade 3,2024-08-31,2024-08-31,2025-01-19,431.0,51.0,0.0,0.00%,"From 1 January 2024 to 19 January 2025, a total of 431 suspected cases of mpox, including 51 confirmed positive with no deaths, were reported from 29 districts across 13 over 15 counties in Liberia. The district rapid response team has been activated. Investigations, along with active case searches, are ongoing."
OEW05-2702012025,5,27 - 2 Jan 2025,,MDG,Madagascar,Cyclone Dikeledi,Ungraded,2025-01-14,2025-01-13,2025-01-15,7028.0,,,,"The number of people directly affected by Tropical Cyclone Dikeledi passage on 11 January 2025 in the extreme north of Madagascar increased to 7 028 people (2 284 families) including in Diana and Sava with 3 809 and 3 203 people respectively which were the most affected regions, according to the National Office for Risk and Disaster Management (BNGRC). At least three people were killed"
OEW05-2702012025,5,27 - 2 Jan 2025,,MDG,Madagascar,Malnutrition crisis,Protracted 2,2021-07-01,2021-01-01,2025-01-20,357900.0,,,-,"Approximately 357 900 children aged 6 and 59 months are suffering or expected to suffer acute malnutrition between September 2024 and August 2025, with almost 51 percent (182 700) of cases expected in the Grand Sud-Est and 49 percent (175,200) in the Grand Sud. Of that total, 83 400 children are likely to suffer Severe Acute Malnutrition (SAM) and 274 500 are likely to suffer Moderate Acute Malnutrition (MAM). The highest caseload of children suffering SAM is in the Grand Sud-Est region (60 percent), compared to 40 percent Grand Sud."
OEW05-2702012025,5,27 - 2 Jan 2025,,MWI,Malawi,in the Cyclone Chido,Grade 2,2024-12-15,2024-12-18,2024-12-18,45162.0,,13.0,0.00%,"Between 7 and 8 December 2024, Tropical depression Chido developed in the south-eastern Indian Ocean Basin, progressing westward. In Malawi , the remnants of Tropical Cyclone Chido affected southern Malawi from 15 to 16 December, bringing heavy rain (100mm) and strong wind gusts (80-100km). Chido has left 13 people dead, 29 injured, 227 displaced and 45,162 people (10,159 families) affected compared to 34,741 reported yesterday, according to the Department of Disaster Management Affairs (DoDMA)"
OEW05-2702012025,5,27 - 2 Jan 2025,,,"In Malawi, the food insecurity situation is expected to deteriorate during the projection period (October 2024 - March 2025) which coincides with the lean season. Nearly 5.7 million people (28 %of the analyzed population) are estimated to be in Phase 3 or above with 416 000 people expected to be in Phase 4.","In Malawi, the food insecurity situation is expected to deteriorate during the projection period (October 2024 - March 2025) which coincides with the lean season. Nearly 5.7 million people (28 %of the analyzed population) are estimated to be in Phase 3 or above with 416 000 people expected to be in Phase 4.","In Malawi, the food insecurity situation is expected to deteriorate during the projection period (October 2024 - March 2025) which coincides with the lean season. Nearly 5.7 million people (28 %of the analyzed population) are estimated to be in Phase 3 or above with 416 000 people expected to be in Phase 4.",,,,,,,"In Malawi, the food insecurity situation is expected to deteriorate during the projection period (October 2024 - March 2025) which coincides with the lean season. Nearly 5.7 million people (28 %of the analyzed population) are estimated to be in Phase 3 or above with 416 000 people expected to be in Phase 4.",
OEW05-2702012025,5,27 - 2 Jan 2025,,MWI,Malawi,Cholera,Grade 3,,,,265.0,92.0,14.0,5.30%,"On 26 August 2024, Chitipa has reported 10 suspected cases at Kapenda Health Centre, RDT positive, culture positive, and one sample pending. The cases are sporadic, initially coming from the Songwe River area, 29 Districts have been affected. As of 12 January 2025, five districts out of the 29 have active outbreaks Namely Balaka 107 (24.9%), Chitipa 92 (21.4%), Karonga 84 (19.5%), Machinga 79(18.4%) and Mzimba North 61 (14.2%). A total of 14 deaths have been recorded for the same period."
OEW05-2702012025,5,27 - 2 Jan 2025,,MLI,Mali,Humanitarian crisis (Sahel region),Protracted 2,2017-09-11,2017-09-11,2025-01-20,6400000.0,,0.0,0.00%,"The humanitarian context in Mali remains marked by a complex crisis that stems from a volatile security situation, exacerbated by structural vulnerability factors, socio- economic challenges, as well as climate change. In 2025, 6.4 million Malians will have multi-sectoral humanitarian needs."
OEW05-2702012025,5,27 - 2 Jan 2025,,MLI,Mali,Dengue fever,Protracted 2,2023-09-12,2024-01-01,2024-11-15,7137.0,898.0,12.0,0.20%,"From 1 January to 15 November 2024, Mali reported 7 137 suspected cases of dengue including 898 confirmed cases and twelve deaths."
OEW05-2702012025,5,27 - 2 Jan 2025,,MUS,Mauritius,Dengue fever,Protracted 2,2023-12-17,2023-12-17,2024-12-31,9917.0,9348.0,5.0,0.10%,"The index case for the ongoing dengue outbreak in Mauritius was reported on 27 August 2024, as of 31 December 2024, a total of 9 917 cases and five deaths have been reported"
OEW05-2702012025,5,27 - 2 Jan 2025,,MOZ,Mozambique,Cyclone Chido,Grade 2,2024-12-15,2024-12-18,2024-12-18,184000.0,,45.0,,"Between 7 and 8 December 2024, Tropical depression Chido developed in the south-eastern Indian Ocean Basin, progressing westward. On 15 December 2024, the Tropical Cyclone Chido made landfall in Mozambique, bringing strong winds and heavy rain,wreaking havoc mainly in Cabo Delgado and Nampula provinces in the north. It has left 45 people dead (37 in Cabo Delgado, 5 in Nampula and 3 in Niassa), 493 injured and 184,000 people affected, according to the National Institute for Natural Disaster (INGD) as of 17 December. More than 35,000 houses have been destroyed or severely damaged, while approximately 48 health centres and 149 schools were damaged. The most heavily impacted province was Cabo Delgado with at least 128,000 people impacted and 25,000 homes affected"
OEW05-2702012025,5,27 - 2 Jan 2025,,MOZ,Mozambique,Drought/food insecurity,Ungraded,2024-09-05,2024-09-05,2025-01-20,1980000.0,,,0.00%,"In Mozambique, between October 2024 and March 2025, 1.98 million people are projected to experience high levels of acute food insecurity (IPC Phase 3 or above). Of that total, 212 000 are likely to experience IPC Phase 4 (Emergency) and 1.7 million people are likely to be in IPC Phase 3 (Crisis)."
OEW05-2702012025,5,27 - 2 Jan 2025,,,"Mozambique Humanitarian crisis Protracted 2 1-Jan-20 31-Oct-24 20-Jan-25 1,300,000 -","Mozambique Humanitarian crisis Protracted 2 1-Jan-20 31-Oct-24 20-Jan-25 1,300,000 -","Mozambique Humanitarian crisis Protracted 2 1-Jan-20 31-Oct-24 20-Jan-25 1,300,000 -",,,,,,,"Mozambique Humanitarian crisis Protracted 2 1-Jan-20 31-Oct-24 20-Jan-25 1,300,000 -","In 2024, the compound effects of armed conflict in Cabo Delgado province, and vulnerability to natural hazards countrywide drove humanitarian needs in Mozambique. The year was marked by a recrudescence of the conflict in coastal districts of Cabo Delgado. The operational environment became more complex as non-State armed groups demonstrated increased capacity to plan and execute complex attacks. The displaced population remained vulnerable amid scarcer resources. An estimated 580,000 people remain displaced, predominantly women and children, with the largest concentrations in Pemba, Metuge, and Macomia. In 2025, 1.3 million people will need humanitarian assistance."
OEW05-2702012025,5,27 - 2 Jan 2025,,MOZ,Mozambique,Cholera,Grade 3,,2024-10-28,2025-01-12,302.0,,29.0,9.60%,
OEW05-2702012025,5,27 - 2 Jan 2025,,NAM,Namibia,Drought/food insecurity,Ungraded,2024-05-31,2024-05-22,2025-01-25,1260000.0,,,-,"From October 2024 - March 2025, the food security situation is expected to worsen due to the start of the lean season, and seasonal price increases, where 1.26 million people (41 %of the analysed population) are expected to be in IPC Phase 3 or above. Most of the areas are likely to remain classified in Crisis (IPC Phase 3)."
OEW05-2702012025,5,27 - 2 Jan 2025,,NER,Niger,Humanitarian crisis (Sahel region),Protracted 2,2015-02-01,2015-02-01,2025-01-20,2700000.0,,0.0,0.00%,"Niger faces a multidimensional crisis stemming from extreme climate events, growing insecurity, rapid population growth, and chronic poverty. With low resilience to shocks, the county remains highly vulnerable. In addition to the deteriorating security situation, severe flooding has further intensified the crisis, impacting over 1.4 million people nationwide. In 2025, 2.7 million people will need humanitarian assistance."
OEW05-2702012025,5,27 - 2 Jan 2025,,NER,Niger,Diphtheria,Ungraded,2023-08-28,2023-07-04,2025-01-18,145.0,,6.0,4.10%,"An outbreak of diphtheria has been confirmed in Matameye health district, Zinder region. The first case was reported on 17 July 2023. From week 1 to week 3, 2025 a total of 145 suspected cases of Diphteria , including six deaths (CFR:4.5%) were reported at the country level."
OEW05-2702012025,5,27 - 2 Jan 2025,,NER,Niger,Measles,Ungraded,2022-04-05,2024-01-01,2024-11-24,4703.0,1053.0,20.0,0.40%,"As of epidemiological week 47, a total of 4 703 suspected cases of measles were reported, including 1053 confirmed cases and 20 deaths (case fatality rate: 0.4%), across 68 health districts in epidemic areas."
OEW05-2702012025,5,27 - 2 Jan 2025,,NGA,Nigeria,Humanitarian crisis (Sahel region),Protracted 2,2016-10-10,2016-10-10,2025-01-23,7800000.0,,,0.00%,"Nigeria continues to face extensive humanitarian challenges. There is significant population displacement, with approximately 2.3 million internally displaced persons (IDPs) recorded by the end of 2024 with an estimated 33 million people projected to experience food insecurity during the 2025 lean season. Additionally, 1.8 million children in six north-eastern and north-western states are at risk of severe acute malnutrition (SAM)- among the highest global levels according to the IPC. Recent floods affected 34 out of 36 states, with Borno being the most severely impacted. High levels of inflation, including food inflation has impacted on the humanitarian situation. . In 2025, 7.8 million people will need humanitarian assistance."
OEW05-2702012025,5,27 - 2 Jan 2025,,NGA,Nigeria,Lassa Fever,Ungraded,2024-11-30,2025-01-01,2025-01-25,484.0,143.0,22.0,4.50%,"Nigeria is reporting an upsurge of Lassa fever cases since epidemiological week 51, 2025. From epidemiological week 2 to week 3 of 2025, a total of 484 suspected cases of Lassa fever have been reported, including 143 confirmed cases and 22 deaths, resulting in a case fatality rate (CFR) of 15.4%. Seven states have recorded at least one confirmed case across 32 Local Government Areas. Seventy-seven per cent (77%) of all confirmed Lassa fever cases were reported from these three states: Ondo, Edo, and Bauchi, while 23% were reported from four other states with confirmed Lassa fever cases. Of the 77% confirmed cases, Ondo reported 38%, Edo 22%, and Bauchi 17%. The predominant age group affected is between 21 and 30 years (Range: 3 to 78 years, Median Age: 32 years). The male-to-female ratio for confirmed cases is 1:0.7"
OEW05-2702012025,5,27 - 2 Jan 2025,,NGA,Nigeria,Mpox,Grade 3,2022-01-31,2022-01-01,2024-12-01,1754.0,152.0,0.0,0.00%,"Nigeria continues to report cases of Mpox. From 1 January to 1 December 2024, a total of 1 754 cases including 152 confirmed cases and zero deaths were reported."
OEW05-2702012025,5,27 - 2 Jan 2025,,NGA,Nigeria,Poliomyelitis (cVDPV2),Grade 2,2018-06-01,2022-01-01,2024-11-20,216.0,216.0,0.0,0.00%,"One cVDPV2 case was reported this week from Kano, with onset of paralysis on 20 September, bringing the total number of cVDPV2 cases for 2024 to 81. A total of 87 cVDPV2 cases was reported in 2023 and 48 cases in 2022."
OEW05-2702012025,5,27 - 2 Jan 2025,,RWA,Rwanda,Mpox,Grade 3,2024-07-24,2024-07-24,2025-01-12,90.0,90.0,0.0,0.00%,"Rwanda confirmed its first two cases of Mpox on 24 July 2024. The current situation, as of 12 January is as following: 90 total confirmed cases; cases under follow-up: 19 and cumulative suspected cases: 5 898."
OEW05-2702012025,5,27 - 2 Jan 2025,,SEN,Senegal,Crimean-Congo haemorrhagic fever,Ungraded,2025-01-13,2025-01-02,2025-01-24,2.0,2.0,1.0,50.00%,"WHO was notified of a new outbreak of Crimean-Congo Haemorrhagic Fever (CCHF) on 14 January 2025 in Kaffrine Region, Senegal. As of 24 January 2025, there have been two confirmed cases with one death (CFR 50.0%) reported from the Kaffrine Department. A total of 51 contacts have been identified. Of these, 28 have completed follow-up, while 23 are still under follow-up as of 24 January 2025."
OEW05-2702012025,5,27 - 2 Jan 2025,,SEN,Senegal,Dengue fever,Protracted 2,2022-11-14,2025-01-06,2025-01-26,9.0,9.0,0.0,0.00%,"Between 6 and 26 January 2025, Senegal reported nine confirmed dengue cases, with four cases in week 2, four in week 3, and one in week 4. The majority of cases were male (five cases) and aged 15-60 years (seven cases), with one case in the 10-15 age group and one over 60 years old. By region, Fatick (six cases, 56%) was the most affected, followed by Dakar (two cases, 22%) and Saint-Louis (two cases, 22%)."
OEW05-2702012025,5,27 - 2 Jan 2025,,SEN,Senegal,Measles,Ungraded,2022-07-04,2025-01-01,2025-01-26,12.0,12.0,0.0,0.00%,"In week 4 of 2025 (ending 26 January), Senegal reported four confirmed measles cases from two districts. Since the beginning of the year, a total of 12 confirmed cases, all unvaccinated, have been recorded in seven districts, with seven cases among females. Linguère remains the only district experiencing an outbreak. Cases have been reporteed from Louga (six cases, 50%), Dakar (two cases, 17%), Thiès (two cases, 17%), Matam (one case, 8%), and Saint-Louis (one case, 8%) regions."
OEW05-2702012025,5,27 - 2 Jan 2025,,,"Sierra Leone Mpox 11-Jan-25 25-Jan-25 0.00% The Ministry of Health of Sierra Leone notified the WHO of a confirmed Mpox case on 11 January 2025. The index case is a 27-year-old male from the Hamilton community in the Western Area Rural District. As of 25 January 2025, there were sixteen confirmed cases with zero deaths reported from seven districts: Western Area Urban District (4 cases), Tonkolili District (3 cases), Western Area Rural District (2 cases), Bombali District (2 cases), Bo District (2 cases), Moyamba (2 cases), and Port Loko (1 case).","Sierra Leone Mpox 11-Jan-25 25-Jan-25 0.00% The Ministry of Health of Sierra Leone notified the WHO of a confirmed Mpox case on 11 January 2025. The index case is a 27-year-old male from the Hamilton community in the Western Area Rural District. As of 25 January 2025, there were sixteen confirmed cases with zero deaths reported from seven districts: Western Area Urban District (4 cases), Tonkolili District (3 cases), Western Area Rural District (2 cases), Bombali District (2 cases), Bo District (2 cases), Moyamba (2 cases), and Port Loko (1 case).","Sierra Leone Mpox 11-Jan-25 25-Jan-25 0.00% The Ministry of Health of Sierra Leone notified the WHO of a confirmed Mpox case on 11 January 2025. The index case is a 27-year-old male from the Hamilton community in the Western Area Rural District. As of 25 January 2025, there were sixteen confirmed cases with zero deaths reported from seven districts: Western Area Urban District (4 cases), Tonkolili District (3 cases), Western Area Rural District (2 cases), Bombali District (2 cases), Bo District (2 cases), Moyamba (2 cases), and Port Loko (1 case).",,,,,,,"Sierra Leone Mpox 11-Jan-25 25-Jan-25 0.00% The Ministry of Health of Sierra Leone notified the WHO of a confirmed Mpox case on 11 January 2025. The index case is a 27-year-old male from the Hamilton community in the Western Area Rural District. As of 25 January 2025, there were sixteen confirmed cases with zero deaths reported from seven districts: Western Area Urban District (4 cases), Tonkolili District (3 cases), Western Area Rural District (2 cases), Bombali District (2 cases), Bo District (2 cases), Moyamba (2 cases), and Port Loko (1 case).","South Africa Diphtheria Ungraded 19-Jul-24 24-Dec-24 24-Jan-25 26 26 4 According to the Western Cape Department of Health as at 18 December 2024, the Western Cape Province recorded 25 positive diphtheria results. This includes 10 positive results from a cluster in Kensington in August - September 2024. On 19 December 2024, 8 more laboratory positive results were recorded: one in a patient that presented to Groote Schuur Hospital on 18 December 2024 and seven contacts of a laboratory confirmed case (case number 4 in Table 1 below) in Pollsmoor Prison. Three more diphtheria suspects were recorded in week 51 with laboratory results still outstanding. A non-toxigenic, cutaneous diphtheria case was recorded in week 25; however, this case is not included in the 25 confirmed diphtheria case count. South Sudan Humanitarian crisis Protracted 3 15-Aug-16 15-Aug-16 31-Dec-24 - - - -"
OEW05-2702012025,5,27 - 2 Jan 2025,,,"In December 2024, acute food insecurity and the malnutrition situation in South Sudan continued to deteriorate due to multiple factors including the economic crisis, repeated climatic shocks and insecurity among others. An estimated 6.1 million people - 45% of the population were experiencing IPC Phase 3 or above (Crisis or worse) including 31,000 South Sudanese returnees experiencing catastrophic levels of acute food insecurity (IPC Phase 5, Catastrophe). Across the country, intercommunal violence was the primary driver of conflict and continued to affect people. The cholera outbreak continued to escalate in most parts of the country..South Sudan","In December 2024, acute food insecurity and the malnutrition situation in South Sudan continued to deteriorate due to multiple factors including the economic crisis, repeated climatic shocks and insecurity among others. An estimated 6.1 million people - 45% of the population were experiencing IPC Phase 3 or above (Crisis or worse) including 31,000 South Sudanese returnees experiencing catastrophic levels of acute food insecurity (IPC Phase 5, Catastrophe). Across the country, intercommunal violence was the primary driver of conflict and continued to affect people. The cholera outbreak continued to escalate in most parts of the country..Impact of Sudan crisis in South Sudan","In December 2024, acute food insecurity and the malnutrition situation in South Sudan continued to deteriorate due to multiple factors including the economic crisis, repeated climatic shocks and insecurity among others. An estimated 6.1 million people - 45% of the population were experiencing IPC Phase 3 or above (Crisis or worse) including 31,000 South Sudanese returnees experiencing catastrophic levels of acute food insecurity (IPC Phase 5, Catastrophe). Across the country, intercommunal violence was the primary driver of conflict and continued to affect people. The cholera outbreak continued to escalate in most parts of the country..Grade 3",,,,,,,"In December 2024, acute food insecurity and the malnutrition situation in South Sudan continued to deteriorate due to multiple factors including the economic crisis, repeated climatic shocks and insecurity among others. An estimated 6.1 million people - 45% of the population were experiencing IPC Phase 3 or above (Crisis or worse) including 31,000 South Sudanese returnees experiencing catastrophic levels of acute food insecurity (IPC Phase 5, Catastrophe). Across the country, intercommunal violence was the primary driver of conflict and continued to affect people. The cholera outbreak continued to escalate in most parts of the country..","Since the start of the Sudan emergency in April 2023, a total of 954 616 people fleeing conflict arrived from Sudan, including 686 376 returnees as of 5 January 2025. In December, over 100,000 people fleeing conflict arrived from Sudan the majority settling in communities along the border, straining already stretched humanitarian resources."
OEW05-2702012025,5,27 - 2 Jan 2025,,SSD,South Sudan,Cholera,Grade 3,2024-10-11,2024-09-28,2025-01-28,25612.0,,488.0,1.90%,"Over the past week, 2 465 suspected cholera cases were reported, and zero deaths in 24 Counties. From 28 September to 28 January 2025, a total of 25 612 cholera cases have been reported across 32 counties, spanning from seven states and one administrative area. The cumulative number of deaths stands at 488, of which 230 are health care facility deaths, resulting in overall CFR of 1.9%."
OEW05-2702012025,5,27 - 2 Jan 2025,,SSD,South Sudan,Measles,Ungraded,2022-02-23,2024-01-01,2024-12-31,3501.0,228.0,51.0,1.50%,"No report of measles outbreak received since week 48, 2024. As of Epidemiological week 48, 2024, South Sudan has reported 3 501 suspected measles cases, with 228 laboratory-confirmed cases. The outbreak resulted in 51 measles-related deaths, leading to a case fatality rate of 1.5%. The event will be closed this week 6, 2025."
OEW05-2702012025,5,27 - 2 Jan 2025,,SSD,South Sudan,Poliomyelitis (cVDPV2),Grade 2,2024-02-26,2023-01-01,2025-01-26,13.0,13.0,0.0,0.00%,"There was no new case of polio reported during week 4 of 2025, keeping the total number of confirmed acute flaccid paralysis Polio cases at 13 reported from 8 counties in 4 states namely; Western Equatoria, Central Equatoria, Unity and Jonglei state"
OEW05-2702012025,5,27 - 2 Jan 2025,,TZA,"Tanzania, United Republic of",Cholera,Grade 3,2023-10-03,2023-09-05,2024-12-30,12148.0,,145.0,1.20%,"Since 1 January 2024 cholera outbreaks have been reported in 23 regions (Mara, Kigoma, Kagera, Singida, Simiyu, Shinyanga, Tabora, Ruvuma, Mwanza, Geita, Rukwa, Dodoma, Manyara, Morogoro, Katavi, Pwani, Mtwara, Tanga, Arusha, Songwe, Lindi, Mbeya and Dar es Salaam) in Tanzania Mainland, where a total of 12 148 cases and 145 deaths (CFR 1.2%) were reported. Out of 23 regions, Cholera outbreak was declared over in 13 regions (Mtwara, Arusha, Tabora, Geita, Kagera, Singida, Ruvuma, Dar es Salaam, Mara, Rukwa, Shinyanga, Pwani and Songwe)."
OEW05-2702012025,5,27 - 2 Jan 2025,,TZA,"Tanzania, United Republic of",Marburg virus disease,Grade 2,2024-12-09,2024-12-10,2025-01-31,10.0,2.0,10.0,100.00%,
OEW05-2702012025,5,27 - 2 Jan 2025,,TGO,Togo,Meningitis,Ungraded,2025-01-15,2025-01-01,2025-01-15,18.0,1.0,4.0,22.20%,"During epidemiological week 2, 2025, Dankpen 2 locality from the Dankpen district in Togo crossed the epidemic threshold with nine suspected cases (attack rate of 24.93 cases per 100,000 inhabitants). From epidemiological week 1 to epidemiological week 2, a total of 18 suspected cases and 4 deaths were reported in the same district, with a"
OEW05-2702012025,5,27 - 2 Jan 2025,,UGA,Uganda,Cholera,Grade 3,,2025-01-07,2025-01-17,87.0,11.0,1.0,1.10%,sex ratio (M/F) of 1.57 (11 males and 7 females). The most affected age group is 15 to 29 years. 12-Jan-25
OEW05-2702012025,5,27 - 2 Jan 2025,,,An outbreak of cholera reported from six parishes,ongoing in Lamwo in Agoro Subcounty:,"district, Northern Pobar (n=34",,,,,,,been (n=4,"cases). Of these cases, 11 have been laboratory-confirmed for Vibrio cholerae O1 Ogawa infection. Uganda Crimean-Congo haemorrhagic fever Ungraded 21-Jan-25 7-Jan-25 7-Jan-25 4 1 0.00% The index case is a 45-year-old male livestock trader from Lusalira village, Nkandwa parish, Kibalinga Sub County, Mubende District. The symptoms onset date is 27 December"
OEW05-2702012025,5,27 - 2 Jan 2025,,,"2024, when he developed fever, general body weakness, sore throat and loss of appetite. On 2 January 2025, he developed abdominal pain, vomiting and later that day started bleeding from the gums and nose, bloody stools and blood in vomit and was taken the same day to Mubende Regional Referral Hospital, where he was suspected to have a viral heamorrhagic fever, isolated and a sample collected. On 3 January 2025, he received a positive result for CCHF. As of 7 January 2025, a total of four cases including one death are","2024, when he developed fever, general body weakness, sore throat and loss of appetite. On 2 January 2025, he developed abdominal pain, vomiting and later that day started bleeding from the gums and nose, bloody stools and blood in vomit and was taken the same day to Mubende Regional Referral Hospital, where he was suspected to have a viral heamorrhagic fever, isolated and a sample collected. On 3 January 2025, he received a positive result for CCHF. As of 7 January 2025, a total of four cases including one death are","2024, when he developed fever, general body weakness, sore throat and loss of appetite. On 2 January 2025, he developed abdominal pain, vomiting and later that day started bleeding from the gums and nose, bloody stools and blood in vomit and was taken the same day to Mubende Regional Referral Hospital, where he was suspected to have a viral heamorrhagic fever, isolated and a sample collected. On 3 January 2025, he received a positive result for CCHF. As of 7 January 2025, a total of four cases including one death are",,,,,,,"2024, when he developed fever, general body weakness, sore throat and loss of appetite. On 2 January 2025, he developed abdominal pain, vomiting and later that day started bleeding from the gums and nose, bloody stools and blood in vomit and was taken the same day to Mubende Regional Referral Hospital, where he was suspected to have a viral heamorrhagic fever, isolated and a sample collected. On 3 January 2025, he received a positive result for CCHF. As of 7 January 2025, a total of four cases including one death are","As of 17 January 2025, Uganda has reported 2031 confirmed mpox cases , with 10 deaths (CFR = 0.4%). The most affected districts include Kampala and Mbalala City."
OEW05-2702012025,5,27 - 2 Jan 2025,,ZMB,Zambia,Drought/food insecurity,Ungraded,2024-03-08,2024-01-15,2025-01-20,5800000.0,,0.0,0.00%,"An estimated 5.8 million people (33 percent of the analysed population) will likely experience heightened hunger between October 2024 and March 2025. The IPC projects that nearly 5.6 million people will likely experience IPC Phase 3 (Crisis) and 236,000 people IPC Phase 4 (Emergency)."
OEW05-2702012025,5,27 - 2 Jan 2025,,ZMB,Zambia,Cholera,Grade 3,2024-12-30,2024-12-25,2025-01-29,96.0,2.0,5.0,5.20%,"On 29 January 2025, Zambia reported 15 new cholera cases, with 13 from Chililabombwe and two from Kitwe district. Since the outbreak began on 24 December 2024, a total of 96 cases, including five deaths (CFR: 5.2%), have been recorded. Chililabombwe (70 cases, five deaths) remains the most affected district, followed by Nakonde (21 cases), Kitwe (four cases), and Chingola (one case). Of the cumulative cases, 20 have been culture-confirmed, with Nakonde (10), Kitwe (three), Chililabombwe (six), and Chingola (one)."
OEW05-2702012025,5,27 - 2 Jan 2025,,ZMB,Zambia,Mpox,Grade 3,2024-10-08,2024-10-08,2025-01-05,4.0,4.0,,0.00%,"An IHR notification of an mpox case was reported by Zambia on 9 October 2024. From 8 October 2024 to 5 January 2025, a total of four confirmed cases with zero deaths were reported in Zambia."
OEW05-2702012025,5,27 - 2 Jan 2025,,ZWE,Zimbabwe,Drought/food insecurity,Ungraded,2024-04-05,2024-04-05,2025-01-25,5900000.0,,0.0,0.00%,"In Zimbabwe, Crisis (IPC Phase 3) outcomes are expected throughout the country from October 2024 through May 2025. Following the 2023/24 El Niño-induced drought, own-produced food stocks are widely unavailable. The areas of highest concern are likely to be typical deficit-producing areas, where larger portions of the population are expected to face Crisis (IPC Phase 3) outcomes. In 2025, 5.9 million people will need food and livelihood assistance."
OEW05-2702012025,5,27 - 2 Jan 2025,,ZWE,Zimbabwe,Cholera,Grade 3,2024-11-12,,2025-01-08,48.0,,,0.00%,
OEW05-2702012025,5,27 - 2 Jan 2025,,ZWE,Zimbabwe,Mpox,Grade 3,2024-10-13,2024-10-13,2024-12-06,2.0,2.0,,0.00%,"As of 6 December 2024, Zimbabwe has reported no new mpox cases beyond the two initially confirmed. The first case, involving an 11-year-old male in Harare, and the second, a 24-year-old male in Mberengwa, were both linked to recent travel and have fully recovered. Contact tracing and monitoring for both cases have been completed, and no active cases remain."
OEW05-2702012025,5,27 - 2 Jan 2025,,ZAF,South Africa,Diphtheria,Ungraded,2024-07-19,2024-12-24,2025-01-24,26.0,26.0,4.0,,"According to the Western Cape Department of Health as at 18 December 2024, the Western Cape Province recorded 25 positive diphtheria results. This includes 10 positive results from a cluster in Kensington in August - September 2024. On 19 December 2024, 8 more laboratory positive results were recorded: one in a patient that presented to Groote Schuur Hospital on 18 December 2024 and seven contacts of a laboratory confirmed case (case number 4 in Table 1 below) in Pollsmoor Prison. Three more diphtheria suspects were recorded in week 51 with laboratory results still outstanding. A non-toxigenic, cutaneous diphtheria case was recorded in week 25; however, this case is not included in the 25 confirmed diphtheria case count"
OEW05-2702012025,5,27 - 2 Jan 2025,,ZAF,South Africa,Mpox,Grade 3,2024-05-15,2024-05-15,2024-09-29,25.0,25.0,3.0,12.00%,"Through IHR notification from South Africa, WHO received a report of one laboratory confirmed mpox case from Johannesburg. This case was confirmed after initial testing by Lancet Laboratory on 9 May 2024. As of 29 September 2024, 25 cases with three deaths have been reported in South Africa."
OEW05-2702012025,5,27 - 2 Jan 2025,,SSD,South Sudan,Floods,Ungraded,2024-09-04,2024-08-29,2024-12-31,,,,-,"In South Sudan, heavy rains and significant water release from Lake Victoria in Uganda into the Nile River have caused widespread flooding nationwide. According to UNOSAT,"
OEW05-2702012025,5,27 - 2 Jan 2025,,,"as of 18 December free analyzed Worldpop population , South Sudan","2024, within the cloud data and the maximal Humanitarian crisis",areas flood water extent Protracted 3,,,,,,,Based on,"In December 2024, acute food insecurity and the malnutrition situation in South Sudan continued to deteriorate due to multiple factors including the economic crisis, repeated climatic shocks and insecurity among others. An estimated 6.1 million people - 45% of the population were experiencing IPC Phase 3 or above (Crisis or worse) including 31,000 South Sudanese returnees experiencing catastrophic levels of acute food insecurity (IPC Phase 5, Catastrophe). Across the country, intercommunal violence was the primary driver of conflict and continued to affect people. The cholera outbreak continued to escalate in most parts of the country."
OEW05-2702012025,5,27 - 2 Jan 2025,,,"South Sudan Impact Sudan crisis in South Grade 3 15-Apr-23 1-May-23 5-Jan-25 954,616 - 0","South Sudan Impact Sudan crisis in South Grade 3 15-Apr-23 1-May-23 5-Jan-25 954,616 - 0","South Sudan Impact Sudan crisis in South Grade 3 15-Apr-23 1-May-23 5-Jan-25 954,616 - 0",,,,,,,"South Sudan Impact Sudan crisis in South Grade 3 15-Apr-23 1-May-23 5-Jan-25 954,616 - 0",
OEW05-2702012025,5,27 - 2 Jan 2025,,SSD,South Sudan,Anthrax,Grade 2,2024-08-01,2024-01-01,2024-12-01,168.0,,3.0,1.80%,
OEW05-2702012025,5,27 - 2 Jan 2025,,,"As of 1 December 2024,",a cumulative total of,"168 human cases,",,,,,,,Sudan.,
OEW05-2702012025,5,27 - 2 Jan 2025,,SSD,South Sudan,Cholera,Grade 3,2024-10-11,2024-10-25,2025-01-06,17356.0,,254.0,1.50%,"The Ministry of Health declared an outbreak in Renk , Upper Nile State, on the 28 October 2024. This declaration comes after reports of 44 suspected cholera cases, and six laboratory-confirmed cases on 23 October 2024. From 28 September to 6 January 2025 , there were 17 356 cases, including 254 deaths (CFR 1.5%) have been reported"
OEW05-2702012025,5,27 - 2 Jan 2025,,SSD,South Sudan,Hepatitis E,Ungraded,2019-01-03,2019-01-01,2024-12-01,7473.0,,95.0,1.30%,"The Hepatitis E outbreak in South Sudan is still active. in Rukoba county (Bentiu IDPs camp), Unity State ( 6 120 cases and 34 deaths) since December 2018; in Fangak county ( 701 cases, 28 deaths ) , Jonglei State since week 1 2023; in Abyei( 64 cases and seven deaths ) since week 21, 2024; in Twic county ( 32 cases ), Warrap State since February 2024 ; In Wau , Western Bahr EL-Ghazal State (556 cases including 26 deaths) were reported. As of 1 December 2024, a total of 7 473 cases and 95 (CFR 1.3%) deaths are reported in the country"
OEW05-2702012025,5,27 - 2 Jan 2025,,SSD,South Sudan,Malaria,Ungraded,2024-11-08,2024-01-01,2024-12-01,,,,,"Malaria transmission is year-round and peaks between July and November. Plasmodium falciparum is the dominant species. In week 48 (ending 1 December 2024), the national malaria situation during this week 48 indicates that the incidence is above the epidemic threshold, making ongoing monitoring critical at all levels. Malaria outbreak was recorded in two states and 35 counties during this week 48."
OEW05-2702012025,5,27 - 2 Jan 2025,,SSD,South Sudan,Measles,Ungraded,2022-02-23,2024-01-01,2024-12-01,3488.0,228.0,51.0,1.50%,"Over the past week (48), there was no case of suspected measles reported. The cumulative number of suspected measles cases remained 3 488 as at week 48. During the epidemiological week 48, there were no newly confirmed measles cases by IgM, and therefore the cumulative total number of confirmed measles cases remained 228 (of the 384 cases from whom serum samples were collected). Furthermore, 80% of these cases are found among children aged between 6 months and 9 years, making this age group the optimal focus for measles outbreaks response Supplementary Immunization Activities (SIAS)."
OEW05-2702012025,5,27 - 2 Jan 2025,,SSD,South Sudan,Poliomyelitis (cVDPV2),Grade 2,2024-02-26,2023-01-01,2025-01-08,12.0,12.0,0.0,0.00%,"The Ministry of Health declared the cVDPV2 as a public health emergency on 22 December 2023, following confirmation of cVDPV2 in Yambio. The total number of laboratory- confirmed cVDPV2 isolates from AFP cases are 12. During epi-week 2, 2025, one cVDPV2 case, with an onset of paralysis in November 2024, was reported from Unity. The total number of cases for 2024 is 10 and two in 2023"
OEW05-2702012025,5,27 - 2 Jan 2025,,UGA,Uganda,Cholera,Grade 3,2025-01-12,2025-01-07,2025-01-17,87.0,11.0,1.0,1.10%,
OEW05-2702012025,5,27 - 2 Jan 2025,,,See article for details,See article for details,See article for details,,,,,,,See article for details,"As of 17 January 2024, Uganda has reported 2 031 confirmed pox cases , with 10 deaths (CFR = 0.4%). The most affected"
OEW05-2702012025,5,27 - 2 Jan 2025,,,"As of week 43, 2024, Rift Valley Fever outbreaks have been recorded with a cumulative number of 321 suspected cases, 24 confirmed, and one deaths since week 1, 2024..Zambia","As of week 43, 2024, Rift Valley Fever outbreaks have been recorded with a cumulative number of 321 suspected cases, 24 confirmed, and one deaths since week 1, 2024..Drought/food insecurity","As of week 43, 2024, Rift Valley Fever outbreaks have been recorded with a cumulative number of 321 suspected cases, 24 confirmed, and one deaths since week 1, 2024..Ungraded",,,,,,,"As of week 43, 2024, Rift Valley Fever outbreaks have been recorded with a cumulative number of 321 suspected cases, 24 confirmed, and one deaths since week 1, 2024..0.00%",
OEW05-2702012025,5,27 - 2 Jan 2025,,ZMB,Zambia,Cholera,Grade 3,2024-12-30,2024-12-25,2024-12-30,13.0,2.0,0.0,0.00%,"On 30 December 2024, Zambia health authorities notified WHO on the cholera outbreak that has been confirmed in Nakond District, Muchinga Province. As per the notification, on 24 December 2024, Nakonde Urban Clinic received three patients, two males aged 52 and 20 years respectively and one female aged 40, all from the same household. They presented with diarrhoea, vomiting, muscle cramps, and dehydration. Following the collection and culturing of samples cholera was confirmed in two of the cases on 25 December 2024. By 30 December 2024, the district had reported a total of 13 cholera cases. There have been no fatalities thus far. Nakonde district borders Songwe District in Tanzania which has an active cholera outbreak."
OEW05-2702012025,5,27 - 2 Jan 2025,,ZMB,Zambia,Mpox,Grade 3,2024-10-08,2024-10-08,2024-12-29,3.0,3.0,,0.00%,"An IHR notification of an MPox case was reported by Zambia on 9 October 2024. The patient, a 32-year-old male truck driver, presented with muscle aches, fatigue, sore throat, and a rash starting on the face and spreading. He travelled from Tanzania to Chitambo District, Zambia, and reported to Mukando Health Post. Blood samples collected on 4 October 2024 were confirmed positive for MPox on 8 October 2024. The Zambia National Public Health Reference Laboratory (ZNPHRL) confirmed two additional mpox cases on 26 and 29 December 2024 in Kitwe District, Copperbelt province."
OEW05-2702012025,5,27 - 2 Jan 2025,,,"In Zimbabwe, Crisis (IPC Phase 3) outcomes are expected throughout the country from October 2024 through May 2025. Following the 2023/24 El Niño-induced drought, own-produced food stocks are widely unavailable. The areas of highest concern are likely to be typical deficit-producing areas, where larger portions of the population are expected to face Crisis (IPC Phase 3) outcomes. In 2025, 5.9 million people will need food security and livelihood assistance.","In Zimbabwe, Crisis (IPC Phase 3) outcomes are expected throughout the country from October 2024 through May 2025. Following the 2023/24 El Niño-induced drought, own-produced food stocks are widely unavailable. The areas of highest concern are likely to be typical deficit-producing areas, where larger portions of the population are expected to face Crisis (IPC Phase 3) outcomes. In 2025, 5.9 million people will need food security and livelihood assistance.","In Zimbabwe, Crisis (IPC Phase 3) outcomes are expected throughout the country from October 2024 through May 2025. Following the 2023/24 El Niño-induced drought, own-produced food stocks are widely unavailable. The areas of highest concern are likely to be typical deficit-producing areas, where larger portions of the population are expected to face Crisis (IPC Phase 3) outcomes. In 2025, 5.9 million people will need food security and livelihood assistance.",,,,,,,"In Zimbabwe, Crisis (IPC Phase 3) outcomes are expected throughout the country from October 2024 through May 2025. Following the 2023/24 El Niño-induced drought, own-produced food stocks are widely unavailable. The areas of highest concern are likely to be typical deficit-producing areas, where larger portions of the population are expected to face Crisis (IPC Phase 3) outcomes. In 2025, 5.9 million people will need food security and livelihood assistance.",
OEW05-2702012025,5,27 - 2 Jan 2025,,ZWE,Zimbabwe,Cholera,Grade 3,2024-11-12,2025-01-01,2025-01-08,48.0,,,0.00%,"From 1 to 8 January 2025, Zimbabwe reported 48 cholera cases with no deaths. The outbreak, which began on 4 November 2024, had recorded 29 suspected cases by 29 November 2024, including one death (CFR: 3.4%), in Kariba District, Mashonaland West Province. Of these, 19 cases tested positive on rapid diagnostic tests (RDT), and five samples were confirmed positive through culture."
